x1;x2;x3;x4;x5;x6;Preis
4;20;34;16;1;122.71;1583105
10;25;44;10;1;0.30;1514444
9;21;47;9;1;0.83;1760938
2;12;48;12;1;906.79;2069798
3;21;45;16;1;333.57;2407010
5;22;35;5;1;45.14;700807
10;20;34;8;1;0.30;692646
7;10;44;7;1;6.41;1398718
3;16;46;13;1;333.57;1971726
2;17;34;15;1;906.75;1361331
5;22;21;7;1;45.14;188558
1;16;20;18;1;2464.79;1642725
7;24;27;11;1;6.11;532670
8;20;27;18;1;2.25;1831382
9;13;36;7;1;0.84;783098
5;13;36;16;1;45.16;1692242
10;15;38;6;1;0.31;899314
3;11;37;5;1;333.69;820899
4;18;27;14;1;122.71;872006
7;15;20;5;1;6.11;139699
4;20;44;15;1;122.71;2096743
6;18;32;8;1;16.61;587158
9;15;47;9;1;0.83;1758346
10;12;24;17;1;0.35;1425614
3;10;32;13;1;333.88;936766
4;22;38;15;1;122.71;1612759
6;16;33;5;1;16.61;587063
8;18;25;5;1;2.25;262887
4;12;39;10;1;122.76;1094831
9;12;41;14;1;0.87;1657654
10;22;40;6;1;0.30;1048470
10;15;24;13;1;0.31;635162
1;23;37;16;1;2464.79;1760513
1;12;50;7;1;2464.83;2036301
3;14;32;7;1;333.58;561214
10;19;40;10;1;0.30;1172332
2;22;21;6;1;906.75;172646
6;17;44;16;1;16.61;2310130
9;11;35;11;1;0.94;898282
1;18;21;6;1;2464.79;170725
6;12;50;14;1;16.65;2554918
5;19;49;16;1;45.14;2830434
2;14;31;12;1;906.75;777606
4;23;32;9;1;122.71;625114
10;13;20;10;1;0.32;274028
4;14;42;12;1;122.72;1486358
7;25;32;17;1;6.11;1734490
6;20;29;7;1;16.61;429598
9;17;30;17;1;0.83;1638170
6;23;24;12;1;16.61;526130
2;17;41;18;1;906.75;2617858
10;11;22;10;1;0.42;315820
9;19;25;10;1;0.83;398331
10;11;42;18;1;0.42;2698514
1;22;36;18;1;2464.79;2263957
2;10;27;8;1;907.05;375110
8;22;32;11;1;2.25;740926
3;10;43;9;1;333.88;1367790
1;20;32;6;1;2464.79;547749
3;23;47;12;1;333.57;1966114
1;17;44;7;1;2464.79;1400985
6;15;37;18;1;16.61;2324802
9;16;21;6;0;0.83;169911
5;14;41;8;0;45.15;1164071
3;16;46;12;0;333.57;1859047
7;24;26;8;1;6.11;347110
5;22;49;14;1;45.14;2441382
2;13;28;17;0;906.76;1555963
6;18;36;5;0;16.61;759384
1;11;49;13;0;2464.90;2295114
7;12;44;10;0;6.15;1508672
9;25;28;7;0;0.83;393307
8;23;45;10;0;2.25;1608348
4;10;27;7;0;123.02;350703
8;13;33;6;0;2.26;595683
5;10;30;14;0;45.45;986391
6;21;46;15;0;16.61;2291668
9;14;47;18;0;0.83;3175175
1;22;39;6;0;2464.79;973574
3;24;28;8;0;333.57;417127
1;22;29;16;0;2464.79;1339750
10;19;35;13;0;0.30;1101611
5;22;34;7;0;45.14;669247
1;10;25;10;0;2465.10;395200
2;20;31;5;0;906.75;490456
8;11;50;13;0;2.36;2412731
4;19;23;9;0;122.71;293483
3;14;33;14;0;333.58;1130535
5;24;47;9;0;45.14;1762559
10;21;32;9;0;0.30;624059
9;10;34;18;0;1.13;2141719
9;23;37;8;0;0.83;875779
8;14;26;8;0;2.25;342551
9;23;49;8;0;0.83;1947715
5;20;22;8;0;45.14;234151
6;18;21;8;0;16.61;211047
9;24;29;5;0;0.83;406136
1;11;46;17;0;2464.90;2761530
2;21;20;10;0;906.75;277292
3;10;39;18;0;333.88;2461959
3;12;24;14;0;333.61;776103
6;23;40;13;0;16.61;1441627
6;10;34;15;0;16.91;1359064
3;19;38;12;0;333.57;1180883
8;12;35;16;0;2.29;1631447
6;10;40;14;0;16.91;1578391
8;24;24;9;0;2.25;322575
8;10;39;15;0;2.55;1679304
9;14;50;11;0;0.83;2213183
4;21;26;11;0;122.71;497339
10;21;48;8;0;0.30;1833747
3;18;30;17;0;333.57;1638591
2;21;45;13;0;906.75;1874571
7;23;35;5;0;6.11;701348
9;10;49;8;0;1.13;1942567
1;11;39;9;0;2464.90;1045034
7;16;38;16;0;6.11;1824743
2;24;45;8;0;906.75;1523895
4;17;48;11;0;122.72;1983771
7;22;42;13;0;6.11;1602495
2;12;21;6;0;906.79;168567
1;15;40;7;0;2464.79;1061274
7;24;32;11;0;6.11;742031
5;25;40;17;0;45.14;2234203
6;19;29;18;0;16.61;1906211
4;20;46;7;0;122.71;1596751
2;21;31;5;0;906.75;490948
8;12;23;10;0;2.29;340400
1;22;26;10;0;2464.79;431024
9;11;22;9;0;0.94;266299
10;12;39;17;0;0.35;2153535
8;10;49;15;0;2.55;2612584
3;22;47;11;0;333.57;1877807
3;18;41;18;0;333.57;2618279
7;15;49;9;0;6.11;1979563
9;22;30;10;0;0.83;581808
1;24;35;17;0;2464.79;1895614
1;14;36;9;0;2464.80;843326
6;15;30;16;0;16.61;1378419
5;25;34;15;0;45.14;1365364
8;21;28;17;0;2.25;1559227
10;22;48;11;0;0.30;1986111
6;18;32;9;0;16.61;622655
9;13;41;17;0;0.84;2307467
10;15;20;15;0;0.31;859701
5;23;48;5;0;45.14;1784820
6;13;32;12;0;16.62;824915
10;14;48;18;0;0.31;3283479
5;12;33;14;0;45.19;1129911
10;25;49;17;0;0.30;3092587
2;16;40;9;0;906.75;1121551
8;15;30;5;0;2.25;443700
9;14;44;14;0;0.83;1918487
10;15;29;13;0;0.31;804203
3;12;49;9;0;333.61;1978591
8;11;27;10;0;2.36;460380
7;11;32;5;0;6.22;534740
6;12;30;16;0;16.65;1377447
3;12;36;15;0;333.61;1477224
6;14;35;14;0;16.61;1241543
1;15;21;7;0;2464.79;185450
9;25;41;8;0;0.83;1169219
8;24;26;16;0;2.25;1231847
8;20;35;13;0;2.25;1102079
7;11;20;17;0;6.22;1332155
2;19;33;7;0;906.75;613899
4;11;37;16;0;122.83;1755619
5;22;33;12;0;45.14;879399
10;21;43;6;0;0.30;1296067
5;24;45;6;0;45.14;1483575
7;15;27;14;0;6.11;870819
10;25;46;13;0;0.30;1976155
10;18;35;9;0;0.30;784367
2;20;39;17;0;906.75;2156607
1;25;26;13;0;2464.79;699994
5;16;31;7;0;45.14;514303
10;19;28;17;0;0.30;1558267
6;16;32;7;0;16.61;561935
2;21;49;18;0;906.75;3399331
9;10;28;9;0;1.13;446911
10;10;45;12;0;0.61;1757799
5;11;42;15;0;45.26;1915860
5;19;40;10;0;45.14;1172332
6;10;20;14;0;16.91;682391
9;15;38;10;0;0.83;1024652
8;13;35;15;0;2.26;1417028
7;16;33;11;0;6.11;788895
4;10;48;6;0;123.02;1789335
4;10;34;8;0;123.02;689047
7;19;37;18;0;6.11;2326435
1;24;27;18;0;2464.79;1833494
4;25;50;16;0;122.71;2951219
8;14;30;12;0;2.25;732951
1;10;37;10;0;2465.10;955648
7;20;39;14;0;6.11;1507095
9;24;43;15;0;0.83;2008024
8;11;28;15;0;2.36;1081684
1;24;48;12;0;2464.79;2074982
5;24;21;11;0;45.14;365919
8;22;44;17;0;2.25;2571455
8;20;27;6;0;2.25;338391
4;16;43;7;0;122.72;1309759
10;10;25;17;0;0.61;1453903
5;10;26;9;0;45.45;376895
2;12;50;7;0;906.79;2036303
6;10;47;11;0;16.91;1873199
2;16;29;16;0;906.75;1337015
7;20;31;9;0;6.11;575935
6;13;26;17;0;16.62;1485947
3;25;47;12;0;333.57;1967267
4;13;44;14;0;122.73;1918163
7;11;38;16;0;6.22;1823123
1;15;36;12;0;2464.79;1047794
7;11;36;16;0;6.22;1691667
5;23;23;17;0;45.14;1403723
3;20;45;12;0;333.57;1761399
8;18;30;13;0;2.25;847167
3;15;47;16;0;333.58;2607587
7;22;29;11;0;6.11;606863
4;19;37;5;0;122.71;823780
5;20;49;18;0;45.14;3398839
6;10;38;11;0;16.91;1089983
2;17;33;14;0;906.75;1131651
9;14;48;13;0;0.83;2183103
2;23;35;5;0;906.75;701348
2;10;23;14;0;907.05;749063
6;13;20;17;0;16.62;1332731
10;11;34;11;0;0.42;841147
9;24;25;16;0;0.83;1200631
1;22;26;12;0;2464.79;585622
1;12;42;5;0;2464.83;1196136
7;16;37;14;0;6.11;1366711
6;15;31;11;0;16.61;690187
6;13;32;12;0;16.62;824915
3;23;28;17;0;333.57;1560283
3;11;22;8;0;333.69;230803
3;11;29;8;0;333.69;450659
4;10;49;7;0;123.02;1918159
2;12;28;10;0;906.79;496960
5;17;32;18;0;45.14;2039411
2;16;34;17;0;906.75;1834639
6;23;43;15;0;16.61;2007460
5;11;48;16;0;45.26;2714643
1;24;32;11;0;2464.79;742030
7;21;26;13;0;6.11;697787
2;15;28;10;0;906.75;497932
10;11;50;6;0;0.42;2020115
8;21;28;8;0;2.25;415507
2;25;26;14;0;906.75;841907
8;15;32;14;0;2.25;1080179
6;17;32;14;0;16.61;1080947
1;23;31;14;0;2464.79;1036194
4;21;48;11;0;122.71;1985595
7;10;33;15;0;6.41;1305192
2;15;45;17;0;906.75;2663403
9;10;35;14;0;1.13;1240391
3;25;38;15;0;333.57;1614452
5;24;44;16;0;45.14;2313575
6;13;35;10;0;16.62;832028
3;16;36;7;0;333.57;784143
8;24;41;16;0;2.25;2053367
6;13;29;6;0;16.62;410915
7;21;29;16;0;6.11;1339235
1;10;31;14;0;2465.10;1031046
5;10;40;16;0;45.45;1968919
1;13;31;14;0;2464.81;1031874
8;11;25;11;0;2.36;462283
4;10;40;11;0;123.02;1236031
8;13;45;6;0;2.26;1478691
9;11;43;5;0;0.94;1282564
9;25;22;12;0;0.83;476467
7;16;44;13;0;6.11;1777295
8;23;43;15;0;2.25;2007460
6;11;26;14;0;16.72;835859
5;13;24;5;0;45.16;232212
9;20;41;15;0;0.83;1836536
2;14;25;17;0;906.75;1455055
8;21;32;10;0;2.25;673580
9;14;36;7;0;0.83;783423
10;15;31;13;0;0.31;890635
5;18;40;9;0;45.14;1122367
5;14;37;5;0;45.15;821800
8;24;21;7;0;2.25;189663
7;16;35;16;0;6.11;1632791
9;12;22;7;0;0.87;206671
8;13;28;17;0;2.26;1555963
7;22;21;10;0;6.11;297984
7;19;48;10;0;6.11;1917804
9;21;36;6;0;0.83;770451
6;23;33;14;0;16.61;1134531
5;14;23;14;0;45.15;750215
4;20;24;5;0;122.71;234984
3;22;50;15;0;333.57;2734808
8;17;25;8;0;2.25;312451
10;15;45;7;0;0.31;1495275
2;18;32;13;0;906.75;939455
6;12;21;14;0;16.65;703095
5;24;29;14;0;45.14;950327
3;22;47;14;0;333.57;2220167
3;15;43;16;0;333.58;2218531
8;19;50;5;0;2.25;2013332
9;14;27;11;0;0.83;528111
10;19;46;9;0;0.30;1656187
2;12;25;17;0;906.79;1454431
4;11;31;17;0;122.83;1680811
8;12;32;13;0;2.29;937295
8;18;36;18;0;2.25;2262039
5;24;30;16;0;45.14;1382631
5;23;34;14;0;45.14;1188403
10;14;23;8;0;0.31;256007
2;10;22;16;0;907.05;1115287
7;24;33;7;0;6.11;616479
9;25;30;14;0;0.83;992691
3;23;37;16;0;333.57;1760515
5;13;49;18;0;45.16;3396067
10;16;43;11;0;0.30;1486015
6;21;45;18;0;16.61;2974947
1;12;22;13;0;2464.83;583374
7;21;45;10;0;6.11;1607292
7;14;45;8;0;6.12;1519335
10;21;46;17;0;0.30;2765371
7;10;46;12;0;6.41;1857175
4;17;30;10;0;122.72;579468
6;20;34;5;0;16.61;642664
6;17;40;14;0;16.61;1580659
1;12;50;12;0;2464.83;2300326
2;23;34;10;0;906.75;779212
2;14;34;12;0;906.75;929815
2;18;43;8;0;906.75;1334983
10;20;35;17;0;0.30;1893503
6;14;35;13;0;16.61;1099631
4;10;46;18;0;123.02;3070231
8;25;27;8;0;2.25;381411
4;11;34;6;0;122.83;648979
6;14;22;15;0;16.61;901720
5;24;43;14;0;45.14;1832215
9;12;31;16;0;0.87;1422103
6;10;39;11;0;16.91;1161135
6;18;23;16;0;16.61;1142279
6;21;34;10;0;16.61;778156
6;22;24;17;0;16.61;1429695
2;23;40;8;0;906.75;1089331
2;12;32;8;0;906.79;584999
8;22;32;17;0;2.25;1732799
3;19;20;5;0;333.57;141332
1;18;24;6;0;2464.79;243734
6;24;23;9;0;16.61;296063
8;14;48;12;0;2.25;2070423
10;12;34;10;0;0.35;774593
8;15;43;11;0;2.25;1485643
8;25;35;7;0;2.25;728075
7;18;26;15;0;6.11;1014104
7;20;33;18;0;6.11;2091447
5;18;20;18;0;45.14;1643543
6;16;40;10;0;16.61;1171072
7;10;41;12;0;6.41;1402535
9;12;50;6;0;0.87;2020391
4;10;30;10;0;123.02;577200
8;22;43;15;0;2.25;2006920
4;25;30;7;0;122.71;474075
5;12;32;5;0;45.19;535016
5;11;38;6;0;45.26;898067
8;25;23;15;0;2.25;931172
7;16;36;18;0;6.11;2261223
9;24;20;7;0;0.83;169487
2;15;47;11;0;906.75;1874699
4;24;26;11;0;122.71;498959
6;21;40;7;0;16.61;1063867
7;17;33;13;0;6.11;989739
10;18;33;11;0;0.30;789711
8;18;39;5;0;2.25;961992
9;24;21;7;0;0.83;189663
5;22;34;9;0;45.14;729151
8;19;31;14;0;2.25;1034179
1;22;44;11;0;2464.79;1579582
10;21;41;11;0;0.30;1318859
2;20;32;6;0;906.75;547751
9;11;36;7;0;0.94;782523
5;20;41;12;0;45.14;1406135
1;11;26;13;0;2464.90;693946
4;13;39;16;0;122.73;1894851
8;13;22;8;0;2.26;231379
5;10;23;8;0;45.45;254855
9;12;30;13;0;0.87;845007
1;17;22;13;0;2464.79;585114
3;24;49;13;0;333.57;2300575
2;13;28;13;0;906.76;764539
2;19;49;6;0;906.75;1905379
2;20;50;16;0;906.75;2948519
10;15;36;15;0;0.31;1478197
6;10;40;8;0;16.91;1084183
1;11;23;10;0;2464.90;340124
8;18;47;8;0;2.25;1724039
2;14;26;8;0;906.75;342551
3;20;39;14;0;333.57;1507095
6;22;24;5;0;16.61;235992
6;10;48;14;0;16.91;2323863
7;21;38;16;0;6.11;1826963
5;15;29;5;0;45.15;401924
6;12;32;15;0;16.65;1255016
4;19;34;14;0;122.71;1186387
1;12;26;9;0;2464.83;377422
2;14;31;17;0;906.75;1681711
6;18;41;11;0;16.61;1317455
5;20;35;17;0;45.14;1893503
6;12;25;7;0;16.65;286303
1;21;47;16;0;2464.79;2610178
1;12;22;16;0;2464.83;1115814
1;16;29;10;0;2464.79;537296
7;17;38;6;0;6.11;900083
7;22;49;9;0;6.11;1982671
5;10;36;14;0;45.45;1300887
8;21;28;9;0;2.25;451003
3;23;23;17;0;333.57;1403723
7;25;41;16;0;6.11;2053955
4;21;34;16;0;122.71;1577875
1;14;31;15;0;2464.80;1208008
6;22;29;15;0;16.61;1125032
5;15;25;10;0;45.15;396700
9;12;47;17;0;0.87;2865599
5;16;27;9;0;45.14;412479
2;22;39;9;0;906.75;1049391
10;11;26;9;0;0.42;377147
2;10;36;18;0;907.05;2259351
5;18;35;10;0;45.14;833888
9;16;36;7;0;0.83;784143
5;24;20;15;0;45.14;863912
3;15;31;15;0;333.58;1208356
1;25;34;12;0;2464.79;934962
2;20;39;9;0;906.75;1048383
6;10;25;9;0;16.91;345679
10;24;37;14;0;0.30;1370551
5;15;38;17;0;45.15;2083355
5;17;33;7;0;45.14;613035
4;15;21;18;0;122.72;1662531
7;18;26;12;0;6.11;583703
6;21;20;9;0;16.61;227771
7;24;35;6;0;6.11;711575
2;21;28;8;0;906.75;415507
10;16;23;18;0;0.30;1709399
9;12;40;7;0;0.87;1060303
3;21;25;18;0;333.57;1766947
1;25;35;15;0;2464.79;1422500
5;22;37;6;0;45.14;834919
8;18;43;7;0;2.25;1310575
1;23;24;5;0;2464.79;236532
2;21;26;7;0;906.75;321083
7;14;26;8;0;6.12;342551
7;10;37;6;0;6.41;830311
7;11;45;16;0;6.22;2403171
9;15;47;10;0;0.83;1807868
8;15;31;14;0;2.25;1032547
10;13;38;10;0;0.32;1023981
3;14;22;15;0;333.58;901720
10;24;25;5;0;0.30;265913
10;12;49;9;0;0.35;1978591
10;11;50;8;0;0.42;2060435
2;24;36;7;0;906.75;787983
1;23;43;13;0;2464.79;1689738
3;12;35;10;0;333.61;831728
3;17;30;15;0;333.57;1164468
4;21;45;18;0;122.71;2974947
9;23;28;15;0;0.83;1086580
5;12;27;6;0;45.19;335319
6;12;28;16;0;16.65;1296679
5;25;43;14;0;45.14;1832803
8;14;47;15;0;2.25;2392520
7;10;35;11;0;6.41;898031
5;15;35;10;0;45.15;832700
3;22;35;6;0;333.57;710471
9;19;50;6;0;0.83;2022995
2;11;25;18;0;906.86;1763107
3;13;49;15;0;333.59;2613412
4;14;22;16;0;122.72;1116439
10;13;24;5;0;0.32;232213
8;19;31;6;0;2.25;499651
6;23;38;8;0;16.61;943283
2;12;48;11;0;906.79;1982031
1;12;47;10;0;2464.83;1806896
7;11;47;13;0;6.22;2073899
7;13;28;17;0;6.12;1555963
10;19;42;18;0;0.30;2701395
2;24;24;6;0;906.75;246759
7;17;22;15;0;6.11;902836
5;15;39;9;0;45.15;1046283
9;12;46;5;0;0.87;1568104
9;23;33;15;0;0.83;1310340
1;22;25;15;0;2464.79;984808
6;24;48;8;0;16.61;1835367
1;11;21;17;0;2464.90;1352330
1;18;33;10;0;2464.79;722880
8;16;43;6;0;2.25;1293847
3;15;44;6;0;333.58;1384307
1;13;45;16;0;2464.81;2403746
5;15;43;8;0;45.15;1333795
9;18;27;13;0;0.83;730095
3;20;30;18;0;333.57;1948455
10;21;30;13;0;0.30;848571
10;13;25;16;0;0.32;1195747
10;25;22;7;0;0.30;212443
6;23;41;16;0;16.61;2052803
4;11;28;6;0;122.83;371347
2;25;46;13;0;906.75;1976155
6;15;39;5;0;16.61;960804
1;11;44;7;0;2464.90;1398970
1;11;46;8;0;2464.90;1617810
10;13;39;11;0;0.32;1161963
8;20;38;16;0;2.25;1826471
6;18;47;6;0;16.61;1683719
9;10;41;12;0;1.13;1402535
3;15;22;18;0;333.58;1684723
1;18;21;18;0;2464.79;1663718
2;24;27;10;0;906.75;465840
1;20;28;11;0;2464.79;566862
7;13;26;18;0;6.12;1794899
9;19;25;11;0;0.83;465163
5;13;39;17;0;45.16;2153835
5;17;33;7;0;45.14;613035
1;11;24;14;0;2464.90;775826
7;23;47;7;0;6.11;1702091
5;18;25;16;0;45.14;1197607
4;12;30;12;0;122.76;732327
4;13;30;13;0;122.73;845307
1;23;28;12;0;2464.79;656178
9;23;49;10;0;0.83;2032732
10;12;21;7;0;0.35;184479
6;14;42;9;0;16.61;1282239
10;15;41;18;0;0.31;2617091
1;17;50;7;0;2464.79;2038042
3;15;33;17;0;333.58;1780395
6;16;29;8;0;16.61;452279
9;24;46;17;0;0.83;2766991
5;19;39;16;0;45.14;1897155
4;10;20;17;0;123.02;1331903
2;21;35;15;0;906.75;1420292
1;24;30;13;0;2464.79;850190
4;16;31;18;0;122.72;1991383
10;16;48;15;0;0.30;2501545
7;15;40;8;0;6.11;1085683
5;16;22;8;0;45.14;232423
1;19;22;18;0;2464.79;1686354
2;18;40;13;0;906.75;1439167
5;20;29;15;0;45.14;1124024
8;20;27;6;0;2.25;338391
7;13;21;14;0;6.12;703395
6;23;23;17;0;16.61;1403723
9;13;23;8;0;0.84;255683
1;14;36;8;0;2464.80;807830
7;18;39;11;0;6.11;1163823
4;10;31;5;0;123.02;486856
3;14;33;12;0;333.58;875943
8;13;40;17;0;2.26;2228731
7;19;47;6;0;6.11;1684163
7;12;27;9;0;6.15;411135
7;13;49;18;0;6.12;3396067
2;23;38;15;0;906.75;1613300
1;24;31;8;0;2464.79;542550
8;18;30;11;0;2.25;646719
10;10;34;17;0;0.61;1832767
4;17;35;10;0;122.72;833468
8;19;39;15;0;2.25;1682436
1;23;27;8;0;2464.79;380258
2;11;41;7;0;906.86;1138763
5;23;41;15;0;45.14;1838084
2;24;30;8;0;906.75;497895
5;24;23;8;0;45.14;260567
8;22;42;8;0;2.25;1250199
7;22;44;16;0;6.11;2312471
5;24;42;12;0;45.14;1490919
7;21;50;15;0;6.11;2734292
3;18;20;10;0;333.57;275888
5;11;23;15;0;45.26;925124
3;15;28;6;0;333.58;372595
10;18;28;11;0;0.30;565951
2;23;28;7;0;906.75;392155
10;19;43;15;0;0.30;2005445
8;23;39;12;0;2.25;1254051
3;23;23;6;0;333.57;219683
6;21;37;8;0;16.61;874723
7;13;43;16;0;6.12;2217859
5;16;33;10;0;45.14;722064
5;13;47;8;0;45.16;1722179
5;18;31;18;0;45.14;1992199
10;25;45;15;0;0.30;2194501
7;18;32;13;0;6.11;939455
7;15;33;7;0;6.11;612267
3;18;23;5;0;333.57;207560
5;24;31;7;0;45.14;518143
9;13;46;8;0;0.84;1618387
6;23;48;8;0;16.61;1834803
7;12;43;8;0;6.15;1332823
10;17;23;9;0;0.30;292619
1;14;21;9;0;2464.80;245006
5;16;21;17;0;45.14;1353951
7;25;38;6;0;6.11;904115
7;14;26;18;0;6.12;1795223
5;22;24;14;0;45.14;780183
8;16;25;18;0;2.25;1764727
3;24;36;8;0;333.57;812391
4;16;38;10;0;122.72;1025024
9;12;35;16;0;0.87;1631447
3;25;38;16;0;333.57;1829171
7;16;50;9;0;6.11;2097551
10;12;33;18;0;0.35;2088375
1;19;32;11;0;2464.79;739450
9;18;22;15;0;0.83;903256
5;15;45;16;0;45.15;2404419
1;16;22;5;0;2464.79;182440
9;20;37;18;0;0.83;2326903
1;15;37;11;0;2464.79;1023978
9;15;49;14;0;0.83;2438275
6;16;40;12;0;16.61;1325671
1;24;44;18;0;2464.79;2881510
3;20;47;15;0;333.57;2394968
7;24;34;8;0;6.11;694759
10;22;36;8;0;0.30;811287
10;22;27;18;0;0.30;1832391
3;17;46;17;0;333.57;2763547
9;11;40;11;0;0.94;1236283
6;12;30;8;0;16.65;492711
8;12;46;16;0;2.29;2502823
2;23;47;15;0;906.75;2396516
1;15;24;5;0;2464.79;232884
5;18;43;18;0;45.14;2787655
10;10;50;10;0;0.61;2145201
3;15;39;5;0;333.58;960804
1;23;47;18;0;2464.79;3179170
10;20;23;8;0;0.30;258455
8;19;43;13;0;2.25;1687723
6;12;50;16;0;16.65;2945447
8;16;45;10;0;2.25;1605072
4;21;49;17;0;122.71;3090379
5;17;34;14;0;45.14;1185523
7;22;50;15;0;6.11;2734808
6;14;29;17;0;16.61;1595279
4;12;33;14;0;122.76;1129911
1;23;24;7;0;2464.79;262106
3;10;39;16;0;333.88;1894023
9;23;36;14;0;0.83;1306035
7;12;39;13;0;6.15;1362111
6;10;42;12;0;16.91;1485207
7;24;40;6;0;6.11;1049575
6;19;30;11;0;16.61;647163
9;23;37;8;0;0.83;875779
9;19;29;9;0;0.83;489035
8;11;47;14;0;2.36;2215811
3;23;49;17;0;333.57;3091435
8;25;48;10;0;2.25;1920972
3;18;27;11;0;333.57;529647
4;18;45;5;0;122.71;1470888
7;18;43;11;0;6.11;1486831
1;25;44;13;0;2464.79;1781722
1;16;48;17;0;2464.79;2975246
7;11;21;10;0;6.22;293628
4;12;39;6;0;122.76;969495
1;13;35;12;0;2464.81;986626
8;12;33;10;0;2.29;720720
6;18;20;13;0;16.61;543167
8;24;24;16;0;2.25;1171815
6;15;39;11;0;16.61;1162635
3;25;21;17;0;333.57;1358379
2;15;30;8;0;906.75;493683
10;25;50;8;0;0.30;2066483
8;20;30;5;0;2.25;445800
4;20;31;6;0;122.71;500119
5;16;49;5;0;45.14;1894456
9;21;43;10;0;0.83;1421404
3;11;35;16;0;333.69;1631171
8;25;46;8;0;2.25;1623859
8;13;38;14;0;2.26;1433171
10;10;21;16;0;0.61;1093095
2;22;48;15;0;906.75;2504280
4;10;29;18;0;123.02;1903079
6;23;48;9;0;16.61;1870299
4;15;27;11;0;122.72;528459
10;25;31;16;0;0.30;1427875
8;13;43;7;0;2.26;1308715
8;21;30;14;0;2.25;990483
6;24;49;7;0;16.61;1923871
5;17;33;8;0;45.14;637443
9;18;20;11;0;0.83;342719
4;16;43;6;0;122.72;1293847
8;12;38;11;0;2.29;1090511
10;23;30;16;0;0.30;1382067
1;24;30;16;0;2464.79;1382630
7;15;47;16;0;6.11;2607587
8;22;42;8;0;2.25;1250199
2;10;21;8;0;907.05;208359
6;15;44;8;0;16.61;1424627
8;24;22;8;0;2.25;236263
2;19;39;18;0;906.75;2465091
2;24;41;10;0;906.75;1253648
9;10;21;10;0;1.13;293376
4;16;46;10;0;122.72;1704448
6;25;36;16;0;16.61;1697715
3;12;42;10;0;333.61;1331136
10;20;28;17;0;0.30;1558735
2;13;21;17;0;906.76;1352907
5;15;27;12;0;45.15;616227
9;19;47;9;0;0.83;1759979
8;11;23;7;0;2.36;230699
6;18;32;17;0;16.61;1730879
1;12;33;6;0;2464.83;595382
8;21;26;11;0;2.25;497339
8;10;47;7;0;2.55;1696943
6;11;39;11;0;16.72;1161387
8;20;31;16;0;2.25;1425175
3;14;37;5;0;333.58;821800
1;20;32;5;0;2464.79;538088
5;18;35;14;0;45.14;1243079
3;25;48;7;0;333.57;1811547
6;19;23;9;0;16.61;293483
8;20;30;8;0;2.25;495783
3;10;29;14;0;333.88;944615
10;19;36;18;0;0.30;2262483
5;13;48;9;0;45.16;1865979
1;11;33;8;0;2464.90;635426
9;13;24;5;0;0.84;232212
4;11;33;14;0;122.83;1129635
1;19;42;17;0;2464.79;2392442
5;23;32;16;0;45.14;1474355
2;11;27;15;0;906.86;1045380
1;22;30;10;0;2464.79;581808
10;18;48;13;0;0.30;2184639
10;21;39;18;0;0.30;2466051
6;15;25;17;0;16.61;1455403
7;10;23;14;0;6.41;749063
10;17;38;7;0;0.30;915995
7;12;49;5;0;6.15;1893112
5;17;25;15;0;45.14;982468
8;13;49;6;0;2.26;1903075
8;19;48;8;0;2.25;1832787
9;13;24;6;0;0.84;241875
5;19;46;16;0;45.14;2505427
5;20;37;16;0;45.14;1758967
2;20;29;9;0;906.75;489503
2;10;46;15;0;907.05;2287576
8;17;45;6;0;2.25;1480131
3;22;26;7;0;333.57;321599
8;11;49;13;0;2.36;2295115
7;16;42;9;0;6.11;1282959
1;21;21;14;0;2464.79;706658
10;21;21;16;0;0.30;1097187
2;11;24;10;0;906.86;366636
5;11;37;16;0;45.26;1755619
6;19;43;6;0;16.61;1295107
6;12;34;13;0;16.65;1041871
4;13;42;7;0;122.73;1222011
5;13;46;18;0;45.16;3071059
3;15;37;8;0;333.58;872131
3;11;50;10;0;333.69;2145452
1;16;46;12;0;2464.79;1859046
8;13;50;6;0;2.26;2020691
7;14;31;5;0;6.12;488008
3;19;23;5;0;333.57;208004
10;13;48;16;0;0.32;2715219
5;17;20;15;0;45.14;860468
5;20;29;16;0;45.14;1338743
9;12;37;7;0;0.87;846751
6;10;34;8;0;16.91;689047
1;17;43;10;0;2464.79;1419580
2;20;20;11;0;906.75;343631
2;10;24;10;0;907.05;366384
3;17;31;17;0;333.57;1682827
9;19;40;15;0;0.83;1757332
3;21;35;11;0;333.57;902123
10;21;49;9;0;0.30;1982155
2;17;27;16;0;906.75;1262115
6;24;32;14;0;16.61;1084391
4;22;38;9;0;122.71;978239
2;20;22;10;0;906.75;319168
1;17;26;18;0;2464.79;1796338
6;19;41;18;0;16.61;2618723
9;15;36;6;0;0.83;767859
6;10;30;18;0;16.91;1944855
1;12;26;15;0;2464.83;1011944
9;17;28;7;0;0.83;389275
1;18;27;7;0;2464.79;353390
5;13;42;15;0;45.16;1916436
4;25;49;16;0;122.71;2833603
2;22;20;8;0;906.75;192791
2;16;48;15;0;906.75;2501544
6;24;49;14;0;16.61;2442487
5;19;23;16;0;45.14;1142723
1;18;34;11;0;2464.79;843582
9;24;24;7;0;0.83;262671
10;25;37;10;0;0.30;961949
2;17;26;8;0;906.75;343667
3;16;24;14;0;333.57;777447
7;14;46;13;0;6.12;1971007
8;25;44;14;0;2.25;1923635
1;24;27;15;0;2464.79;1050840
4;23;23;9;0;122.71;295499
4;22;34;16;0;122.71;1578391
5;19;50;11;0;45.14;2215163
7;18;43;8;0;6.11;1334983
1;21;31;14;0;2464.79;1035138
7;25;29;6;0;6.11;416387
4;19;31;18;0;122.71;1992643
3;24;25;5;0;333.57;265912
4;14;39;8;0;122.72;1010439
4;17;36;15;0;122.72;1478964
1;18;32;6;0;2464.79;546838
8;12;48;10;0;2.29;1915200
3;23;47;18;0;333.57;3179171
4;16;27;18;0;122.72;1829655
5;25;40;12;0;45.14;1330099
9;14;33;7;0;0.83;611919
8;19;43;12;0;2.25;1575043
3;24;24;7;0;333.57;262671
10;12;26;14;0;0.35;836135
8;23;47;15;0;2.25;2396516
5;24;47;13;0;45.14;2079359
2;25;25;9;0;906.75;351979
7;23;43;14;0;6.11;1831651
3;18;30;14;0;333.57;989079
2;10;46;12;0;907.05;1857175
3;25;24;14;0;333.57;781875
2;14;45;8;0;906.75;1519335
3;15;43;6;0;333.58;1293475
6;25;47;6;0;16.61;1687331
9;18;24;13;0;0.83;636351
2;14;50;11;0;906.75;2213183
9;12;41;6;0;0.87;1123127
10;12;46;7;0;0.35;1593679
2;18;40;12;0;906.75;1326487
10;20;31;9;0;0.30;575935
3;15;39;8;0;333.58;1010787
10;10;43;6;0;0.61;1291975
4;13;24;7;0;122.73;257787
5;22;25;12;0;45.14;554407
10;23;44;7;0;0.30;1403867
7;18;42;10;0;6.11;1333296
10;14;23;14;0;0.31;750215
9;20;34;10;0;0.83;777664
5;22;31;16;0;45.14;1426183
6;10;20;5;0;16.91;138200
4;24;39;15;0;122.71;1685016
1;16;29;5;0;2464.79;402296
6;17;35;9;0;16.61;783947
10;21;21;16;0;0.30;1097187
10;21;21;16;0;0.30;1097187
3;23;30;16;0;333.57;1382067
2;22;25;7;0;906.75;290383
2;11;24;18;0;906.86;1734291
7;19;25;11;0;6.11;465163
9;18;43;10;0;0.83;1420000
4;24;30;6;0;122.71;457575
5;15;25;17;0;45.15;1455403
3;15;39;13;0;333.58;1363083
10;25;27;12;0;0.30;621027
1;25;32;8;0;2464.79;590770
9;12;48;18;0;0.87;3282855
4;23;47;10;0;122.71;1811516
4;14;28;14;0;122.72;906775
7;17;29;12;0;6.11;692291
1;12;37;13;0;2464.83;1223454
9;22;22;17;0;0.83;1378879
6;11;37;11;0;16.72;1022731
9;23;45;5;0;0.83;1473348
2;20;47;6;0;906.75;1684631
8;23;30;16;0;2.25;1382067
3;17;42;7;0;333.57;1223451
3;12;34;9;0;333.61;725071
4;16;41;10;0;122.72;1249808
3;25;35;15;0;333.57;1422500
3;19;41;16;0;333.57;2050787
10;14;38;6;0;0.31;898967
7;14;50;15;0;6.12;2731352
8;19;39;7;0;2.25;988011
4;20;49;18;0;122.71;3398839
9;17;35;5;0;0.83;698468
2;16;44;15;0;906.75;2095016
6;18;44;18;0;16.61;2878487
6;13;43;8;0;16.62;1333123
4;23;31;7;0;122.71;517579
6;24;26;9;0;16.61;382607
3;20;45;13;0;333.57;1874079
2;11;33;6;0;906.86;595107
5;15;37;17;0;45.15;2015851
10;22;24;12;0;0.30;525591
4;20;28;18;0;122.71;1867687
5;25;24;12;0;45.14;527283
7;12;21;11;0;6.15;360735
5;23;25;6;0;45.14;275011
4;19;32;16;0;122.71;1472339
8;11;32;7;0;2.36;560315
4;21;24;6;0;122.71;245139
6;12;49;6;0;16.65;1902775
7;25;49;17;0;6.11;3092587
9;16;47;6;0;0.83;1682903
6;17;42;15;0;16.61;1917876
5;10;28;9;0;45.45;446911
5;19;45;16;0;45.14;2406051
9;21;22;16;0;0.83;1119379
7;10;31;9;0;6.41;572335
8;15;27;15;0;2.25;1046628
2;17;36;15;0;906.75;1478964
2;25;38;6;0;906.75;904115
1;13;45;7;0;2464.81;1494602
5;18;31;16;0;45.14;1424263
2;18;20;14;0;906.75;685079
7;16;22;12;0;6.11;472039
5;23;43;16;0;45.14;2222179
3;14;31;14;0;333.58;1032199
10;11;41;13;0;0.42;1515467
10;17;24;13;0;0.30;635931
2;21;36;12;0;906.75;1050387
7;12;32;13;0;6.15;937295
6;22;26;17;0;16.61;1489727
8;16;21;15;0;2.25;880248
2;15;28;6;0;906.75;372595
6;11;44;10;0;16.72;1508396
7;25;37;16;0;6.11;1761667
1;15;42;5;0;2464.79;1197108
6;15;42;14;0;16.61;1741299
5;21;33;16;0;45.14;1524003
1;25;46;15;0;2464.79;2293876
9;19;26;10;0;0.83;429548
10;15;22;9;0;0.31;267547
9;13;20;9;0;0.84;224507
1;14;25;6;0;2464.80;271014
9;13;50;9;0;0.84;2096507
2;24;24;18;0;906.75;1739751
5;15;48;14;0;45.15;2325363
3;22;33;8;0;333.57;639783
6;22;35;18;0;16.61;2203463
9;24;47;6;0;0.83;1686743
2;14;24;18;0;906.75;1735191
8;16;22;5;0;2.25;182440
6;17;26;11;0;16.61;495515
7;21;27;7;0;6.11;354795
5;24;47;5;0;45.14;1677080
6;16;23;15;0;16.61;926744
10;19;32;13;0;0.30;939899
4;12;35;17;0;122.76;1890431
7;22;42;12;0;6.11;1489815
10;22;23;5;0;0.30;209481
1;16;29;15;0;2464.79;1122296
3;12;44;7;0;333.61;1399247
7;16;27;6;0;6.11;336663
3;24;23;10;0;333.57;345584
1;21;35;10;0;2464.79;835292
1;14;43;8;0;2464.80;1333446
10;19;47;17;0;0.30;2868203
1;22;20;8;0;2464.79;192790
9;22;37;6;0;0.83;834919
8;23;24;13;0;2.25;638811
6;24;26;10;0;16.61;432128
10;23;27;18;0;0.30;1832931
5;23;41;14;0;45.14;1662275
6;24;28;14;0;16.61;911335
9;23;28;14;0;0.83;910771
4;11;43;9;0;122.83;1368043
6;14;48;14;0;16.61;2325015
3;11;41;18;0;333.69;2615843
7;18;45;15;0;6.11;2190888
4;25;26;8;0;122.71;347699
9;20;49;14;0;0.83;2440375
4;11;37;5;0;122.83;820900
3;14;48;18;0;333.58;3283479
2;11;27;8;0;906.86;375363
3;15;24;13;0;333.58;635163
8;25;36;11;0;2.25;964827
1;12;28;13;0;2464.83;764238
1;21;21;9;0;2464.79;247946
2;14;25;8;0;906.75;311335
6;22;44;5;0;16.61;1377752
6;15;46;6;0;16.61;1578739
8;24;24;15;0;2.25;957096
4;23;27;6;0;122.71;339939
10;23;33;7;0;0.30;615915
10;20;41;9;0;0.30;1202015
9;24;36;17;0;0.83;1956111
2;19;39;13;0;906.75;1364715
9;18;20;15;0;0.83;860888
10;19;40;8;0;0.30;1087315
10;15;32;15;0;0.31;1255989
1;14;36;15;0;2464.80;1477848
6;13;40;18;0;16.62;2537683
9;18;33;13;0;0.83;990159
6;25;40;5;0;16.61;1040500
8;10;21;16;0;2.55;1093095
1;22;27;12;0;2464.79;619334
10;15;31;6;0;0.31;498019
2;19;50;18;0;906.75;3515987
10;25;30;12;0;0.30;738099
5;14;34;12;0;45.15;929815
2;14;31;8;0;906.75;537991
2;14;46;5;0;906.75;1568728
3;16;49;17;0;333.57;3088159
10;16;32;18;0;0.30;2039015
1;24;29;5;0;2464.79;406136
6;11;36;5;0;16.72;756948
6;10;21;16;0;16.91;1093095
7;10;39;9;0;6.41;1044783
2;16;40;9;0;906.75;1121551
3;15;27;5;0;333.58;326628
4;24;22;14;0;122.71;730471
6;15;21;8;0;16.61;209859
9;24;23;11;0;0.83;412415
10;23;40;8;0;0.30;1089331
2;12;22;13;0;906.79;583375
9;11;28;10;0;0.94;496684
9;20;24;10;0;0.83;369984
5;16;49;5;0;45.14;1894456
3;16;37;15;0;333.57;1542520
3;24;48;15;0;333.57;2505384
7;13;30;16;0;6.12;1377747
10;24;46;10;0;0.30;1708289
9;25;48;13;0;0.83;2188251
5;18;32;12;0;45.14;826775
10;14;48;12;0;0.31;2070423
4;16;36;15;0;122.72;1478568
4;10;37;8;0;123.02;870631
1;13;28;5;0;2464.81;362260
1;22;48;14;0;2464.79;2328470
6;14;44;8;0;16.61;1424279
10;16;26;16;0;0.30;1228007
5;10;41;15;0;45.45;1832936
10;12;50;9;0;0.35;2096207
8;22;20;11;0;2.25;344639
1;20;43;9;0;2464.79;1371390
3;24;38;5;0;333.57;893864
8;12;21;12;0;2.29;448503
10;17;25;15;0;0.30;982469
4;21;38;9;0;122.71;977723
10;22;35;6;0;0.30;710471
7;16;46;16;0;6.11;2504167
9;16;23;13;0;0.83;609023
1;25;32;15;0;2464.79;1260788
3;20;36;11;0;333.57;962127
10;12;38;6;0;0.35;898343
5;22;22;15;0;45.14;905176
10;13;44;12;0;0.32;1663571
8;24;38;5;0;2.25;893864
7;20;44;15;0;6.11;2096744
6;11;34;18;0;16.72;2141971
3;21;40;11;0;333.57;1240123
9;14;40;12;0;0.83;1324951
2;12;27;13;0;906.79;727935
7;14;42;18;0;6.12;2699415
4;14;31;15;0;122.72;1208008
4;10;45;16;0;123.02;2402919
7;10;47;5;0;6.41;1671368
5;24;25;5;0;45.14;265912
1;10;35;16;0;2465.10;1630918
1;11;27;11;0;2464.90;527210
3;13;30;8;0;333.59;493011
1;24;28;6;0;2464.79;376806
4;17;41;12;0;122.72;1404803
3;25;22;10;0;333.57;321868
10;17;27;15;0;0.30;1047397
4;16;29;7;0;122.72;427871
5;22;34;6;0;45.14;653335
4;22;23;12;0;122.71;499079
4;12;37;10;0;122.76;956176
3;21;42;11;0;333.57;1401531
6;13;47;12;0;16.62;1961795
3;22;45;8;0;333.57;1522791
8;24;31;14;0;2.25;1036759
5;19;44;11;0;45.14;1578107
9;16;33;9;0;0.83;672543
9;16;21;10;0;0.83;295248
6;25;33;16;0;16.61;1526211
5;22;28;17;0;45.14;1559743
5;14;44;17;0;45.15;2567999
8;11;27;10;0;2.36;460380
7;22;23;6;0;6.11;219143
4;17;41;14;0;122.72;1659395
10;15;23;18;0;0.31;1709027
4;14;24;11;0;122.72;434367
9;14;28;8;0;0.83;412567
10;14;27;18;0;0.31;1828935
4;17;46;15;0;122.72;2289844
3;10;44;5;0;333.88;1373144
10;24;47;8;0;0.30;1727063
1;20;30;17;0;2464.79;1639502
4;19;43;17;0;122.71;2479147
10;22;38;10;0;0.30;1027761
8;11;34;13;0;2.36;1041595
1;11;50;12;0;2464.90;2300050
4;21;48;12;0;122.71;2073363
4;15;42;8;0;122.72;1247091
4;23;37;8;0;122.71;875779
5;15;33;17;0;45.15;1780395
10;16;49;14;0;0.30;2438647
4;18;41;15;0;122.71;1835624
7;11;20;17;0;6.22;1332155
2;10;20;11;0;907.05;340031
9;24;23;9;0;0.83;296063
10;14;46;5;0;0.31;1568729
3;23;40;5;0;333.57;1039348
8;24;20;12;0;2.25;433511
1;18;31;8;0;2464.79;539526
3;12;46;16;0;333.61;2502823
2;21;40;6;0;906.75;1047955
6;17;25;11;0;16.61;464299
7;15;43;7;0;6.11;1309387
2;21;30;13;0;906.75;848571
8;12;38;8;0;2.29;938663
7;14;47;6;0;6.12;1682183
1;24;20;18;0;2464.79;1646566
5;16;47;16;0;45.14;2607959
10;13;32;5;0;0.32;535317
1;21;25;15;0;2464.79;984292
1;18;42;11;0;2464.79;1400126
8;15;48;8;0;2.25;1831155
9;17;41;8;0;0.83;1165187
6;24;40;16;0;16.61;1974631
1;20;21;11;0;2464.79;363806
6;13;25;14;0;16.62;805219
9;24;34;6;0;0.83;654439
3;18;36;12;0;333.57;1048983
1;12;47;11;0;2464.83;1873726
3;19;41;18;0;333.57;2618723
10;19;44;6;0;0.30;1385939
1;10;44;11;0;2465.10;1574974
4;18;27;13;0;122.71;730095
9;10;29;14;0;1.13;944615
7;16;39;15;0;6.11;1681176
5;18;44;5;0;45.14;1375832
7;25;36;13;0;6.11;1165275
10;11;28;15;0;0.42;1081685
4;25;34;16;0;122.71;1580083
10;15;42;15;0;0.31;1917109
3;14;28;7;0;333.58;388159
3;16;34;9;0;333.57;726415
4;21;40;7;0;122.71;1063867
10;21;26;6;0;0.30;305171
5;18;48;7;0;45.14;1807935
4;21;28;11;0;122.71;567355
7;19;30;14;0;6.11;989523
10;21;20;13;0;0.30;544571
5;10;24;18;0;45.45;1734039
2;15;37;18;0;906.75;2324803
5;20;20;5;0;45.14;141800
10;17;20;11;0;0.30;342299
10;12;20;13;0;0.35;541007
8;20;44;11;0;2.25;1578575
5;13;24;6;0;45.16;241875
5;23;29;6;0;45.14;415235
1;21;26;18;0;2464.79;1798162
2;22;35;17;0;906.75;1894511
2;21;20;16;0;906.75;1077011
9;15;42;5;0;0.83;1197108
2;20;21;8;0;906.75;211959
9;16;20;8;0;0.83;190055
1;17;26;5;0;2464.79;293684
3;16;47;9;0;333.57;1758719
1;21;38;9;0;2464.79;977722
5;23;34;17;0;45.14;1837915
2;23;44;7;0;906.75;1403867
9;24;23;5;0;0.83;210584
4;14;36;11;0;122.72;959679
3;10;34;18;0;333.88;2141719
3;11;32;6;0;333.69;544403
7;15;29;11;0;6.11;603755
6;20;28;12;0;16.61;654631
2;25;43;10;0;906.75;1423612
5;10;33;15;0;45.45;1305192
4;20;28;12;0;122.71;654631
3;17;43;6;0;333.57;1294243
4;11;50;5;0;122.83;2010452
3;25;26;15;0;333.57;1017716
10;20;34;12;0;0.30;932263
9;21;23;10;0;0.83;343964
7;17;35;10;0;6.11;833468
1;16;33;9;0;2464.79;672542
3;21;23;9;0;333.57;294443
1;25;22;7;0;2464.79;212442
6;11;42;5;0;16.72;1195860
6;24;23;16;0;16.61;1145303
7;20;28;10;0;6.11;500032
7;21;42;10;0;6.11;1334700
10;11;49;10;0;0.42;2027837
8;15;20;13;0;2.25;541979
6;22;41;8;0;16.61;1167527
8;18;47;9;0;2.25;1759535
2;19;35;17;0;906.75;1893035
1;12;27;5;0;2464.83;325656
7;15;39;6;0;6.11;970467
10;18;37;11;0;0.30;1025167
6;23;22;14;0;16.61;729907
2;24;46;18;0;906.75;3075943
6;16;42;11;0;16.61;1399311
6;21;26;16;0;16.61;1230227
6;15;49;10;0;16.61;2029084
4;15;43;16;0;122.72;2218531
5;19;40;18;0;45.14;2539987
8;11;24;16;0;2.36;1166355
8;10;37;13;0;2.55;1222927
1;20;20;9;0;2464.79;227278
7;11;38;9;0;6.22;973883
4;20;26;11;0;122.71;496847
8;25;22;11;0;2.25;388699
4;13;45;14;0;122.73;2013219
5;15;40;8;0;45.15;1085683
1;20;22;13;0;2464.79;586446
3;22;41;11;0;333.57;1319375
4;23;20;15;0;122.71;863348
9;15;29;12;0;0.83;691523
10;20;37;12;0;0.30;1113847
3;14;34;17;0;333.58;1833919
10;12;35;5;0;0.35;696729
1;11;47;6;0;2464.90;1681282
6;22;39;10;0;16.61;1098912
7;25;38;17;0;6.11;2088155
7;24;24;17;0;6.11;1430799
10;17;44;6;0;0.30;1385075
3;23;28;7;0;333.57;392155
10;23;31;11;0;0.30;693835
5;15;30;17;0;45.15;1637403
2;11;36;7;0;906.86;782523
6;23;44;15;0;16.61;2098292
1;11;49;17;0;2464.90;3086538
10;11;34;10;0;0.42;774317
5;22;20;15;0;45.14;862808
10;11;42;8;0;0.42;1245843
1;10;25;16;0;2465.10;1194918
3;15;43;14;0;333.58;1828003
4;24;36;17;0;122.71;1956111
4;10;42;14;0;123.02;1739799
7;10;30;17;0;6.41;1635903
3;21;26;18;0;333.57;1798163
5;25;35;13;0;45.14;1104779
10;21;43;10;0;0.30;1421405
1;10;50;15;0;2465.10;2730200
6;10;34;10;0;16.91;774064
1;15;24;18;0;2464.79;1735538
2;18;40;15;0;906.75;1756888
5;19;41;8;0;45.14;1166051
5;18;27;10;0;45.14;462816
1;22;25;10;0;2464.79;399808
8;20;48;17;0;2.25;2976975
9;14;35;11;0;0.83;899183
1;21;37;10;0;2464.79;959740
8;25;24;13;0;2.25;639963
8;11;34;9;0;2.36;724795
9;15;23;9;0;0.83;291851
1;16;24;7;0;2464.79;258830
6;22;39;17;0;16.61;2157615
6;21;36;10;0;16.61;895788
7;20;39;8;0;6.11;1012887
2;19;35;5;0;906.75;699332
1;13;49;9;0;2464.81;1978890
10;11;42;14;0;0.42;1740051
4;17;26;15;0;122.72;1013684
7;18;21;18;0;6.11;1663719
10;25;35;16;0;0.30;1637219
10;22;26;11;0;0.30;497855
1;17;30;6;0;2464.79;454130
6;15;20;12;0;16.61;429299
4;17;33;13;0;122.72;989739
9;11;44;8;0;0.94;1423379
5;21;20;13;0;45.14;544571
10;22;37;9;0;0.30;910735
3;10;21;5;0;333.88;158376
10;15;27;16;0;0.31;1261347
3;23;31;9;0;333.57;577483
6;23;45;8;0;16.61;1523331
2;13;32;5;0;906.76;535316
8;22;32;9;0;2.25;624575
10;22;44;18;0;0.30;2880407
2;14;34;12;0;906.75;929815
7;14;27;15;0;6.12;1046280
2;14;20;15;0;906.75;859352
5;11;40;7;0;45.26;1060027
6;13;25;17;0;16.62;1454731
10;10;20;13;0;0.61;540479
2;10;31;16;0;907.05;1421575
10;22;34;5;0;0.30;643673
4;11;28;8;0;122.83;411667
4;18;50;16;0;122.71;2947607
1;21;34;11;0;2464.79;844986
9;12;25;11;0;0.87;462559
10;17;48;7;0;0.30;1807515
10;10;42;17;0;0.61;2389311
6;14;28;17;0;16.61;1556287
2;24;34;10;0;906.75;779776
1;22;42;8;0;2464.79;1250198
9;11;34;14;0;0.94;1183507
10;18;40;13;0;0.30;1439167
8;15;21;13;0;2.25;562155
3;13;39;9;0;333.59;1045611
3;21;22;18;0;333.57;1687315
2;24;39;12;0;906.75;1254615
6;11;34;6;0;16.72;648979
3;18;29;9;0;333.57;488591
10;19;24;12;0;0.30;524115
10;19;31;5;0;0.30;489989
1;14;24;10;0;2464.80;367536
1;19;39;10;0;2464.79;1097436
4;19;42;6;0;122.71;1208403
10;19;45;7;0;0.30;1496907
7;25;48;17;0;6.11;2979675
1;16;42;6;0;2464.79;1207142
2;14;31;18;0;906.75;1990663
7;13;29;5;0;6.12;401252
8;15;33;5;0;2.25;586692
4;15;21;13;0;122.72;562155
2;24;32;16;0;906.75;1474919
8;23;29;16;0;2.25;1340291
9;16;29;17;0;0.83;1595999
8;23;50;9;0;2.25;2100827
1;10;32;15;0;2465.10;1254488
2;15;40;10;0;906.75;1170700
1;20;31;9;0;2464.79;575934
2;16;32;6;0;906.75;546023
1;20;41;8;0;2464.79;1166518
9;18;29;17;0;0.83;1596815
9;11;39;5;0;0.94;959556
3;11;41;18;0;333.69;2615843
1;13;49;12;0;2464.81;2183010
9;17;36;16;0;0.83;1693683
10;14;39;12;0;0.31;1250055
6;13;37;11;0;16.62;1023307
6;21;38;13;0;16.61;1294523
8;16;34;18;0;2.25;2143591
2;11;30;12;0;906.86;732051
9;21;45;8;0;0.83;1522275
9;17;24;6;0;0.83;243315
2;24;41;13;0;906.75;1520927
9;16;45;12;0;0.83;1759671
4;17;20;11;0;122.72;342299
3;16;46;10;0;333.57;1704448
4;17;50;8;0;122.72;2062451
1;14;32;16;0;2464.80;1470358
1;21;43;13;0;2464.79;1688682
8;11;44;18;0;2.36;2876051
4;23;41;15;0;122.71;1838084
3;20;27;15;0;333.57;1048728
5;17;43;9;0;45.14;1370059
3;13;27;11;0;333.59;527787
5;25;28;18;0;45.14;1870387
7;21;28;8;0;6.11;415507
1;11;37;14;0;2464.90;1365090
9;25;28;5;0;0.83;367732
6;18;27;10;0;16.61;462816
2;22;23;14;0;906.75;753671
3;19;33;12;0;333.57;877923
4;23;39;15;0;122.71;1684452
2;15;42;10;0;906.75;1332108
8;11;27;16;0;2.36;1260099
3;25;47;15;0;333.57;2397668
4;24;31;15;0;122.71;1212568
5;24;26;13;0;45.14;699407
1;17;36;13;0;2464.79;1161242
4;15;28;8;0;122.72;412915
2;16;48;8;0;906.75;1831527
3;22;45;18;0;333.57;2975463
8;23;40;18;0;2.25;2542003
1;22;38;6;0;2464.79;902422
8;20;29;13;0;2.25;806303
5;21;46;13;0;45.14;1973947
1;23;24;18;0;2464.79;1739186
8;22;27;17;0;2.25;1523439
9;24;36;14;0;0.83;1306599
10;23;46;10;0;0.30;1707725
3;11;25;12;0;333.69;550051
1;16;33;15;0;2464.79;1307064
6;15;38;6;0;16.61;899315
4;12;46;14;0;122.76;2112295
1;19;39;18;0;2464.79;2465090
4;21;39;17;0;122.71;2157099
4;10;34;6;0;123.02;648727
3;18;20;12;0;333.57;430487
2;19;31;14;0;906.75;1034179
4;21;50;13;0;122.71;2416571
6;18;41;18;0;16.61;2618279
4;11;29;5;0;122.83;400676
9;25;35;9;0;0.83;787979
3;23;50;15;0;333.57;2735348
9;22;33;17;0;0.83;1783503
3;14;47;14;0;333.58;2216711
7;10;41;13;0;6.41;1515215
9;20;38;6;0;0.83;901415
9;22;46;11;0;0.83;1774015
2;13;22;9;0;906.76;266875
10;21;40;12;0;0.30;1327891
10;25;43;10;0;0.30;1423613
10;19;27;12;0;0.30;617859
4;14;42;13;0;122.72;1599039
10;25;28;10;0;0.30;502733
7;13;20;10;0;6.12;274028
6;21;32;12;0;16.61;828179
2;14;40;10;0;906.75;1170352
8;16;23;13;0;2.25;609023
3;25;36;7;0;333.57;788571
4;16;23;18;0;122.72;1709399
3;12;33;6;0;333.61;595383
2;19;38;5;0;906.75;891284
3;14;42;5;0;333.58;1196760
2;15;24;7;0;906.75;258459
2;16;32;13;0;906.75;938639
8;25;48;15;0;2.25;2505972
9;14;39;16;0;0.83;1895175
6;17;43;11;0;16.61;1486411
7;24;37;8;0;6.11;876343
6;10;46;11;0;16.91;1769407
4;17;22;9;0;122.72;268315
2;16;47;8;0;906.75;1723223
10;14;50;8;0;0.31;2061335
10;16;37;17;0;0.30;2016223
10;23;43;12;0;0.30;1577059
9;16;46;10;0;0.83;1704448
6;15;41;11;0;16.61;1316267
3;12;48;6;0;333.61;1789863
3;22;40;5;0;333.57;1038808
8;14;32;11;0;2.25;737471
6;14;29;9;0;16.61;487055
2;13;24;8;0;906.76;282195
10;16;24;10;0;0.30;368257
8;15;29;14;0;2.25;946115
9;21;43;12;0;0.83;1576003
5;16;41;6;0;45.14;1124471
2;23;24;10;0;906.75;371532
8;22;33;18;0;2.25;2092455
3;16;26;16;0;333.57;1228007
5;17;41;15;0;45.14;1835204
3;17;22;8;0;333.57;232819
6;12;49;6;0;16.65;1902775
2;13;29;16;0;906.76;1335971
8;24;37;10;0;2.25;961360
9;25;48;9;0;0.83;1871451
3;24;47;14;0;333.57;2221271
1;22;40;18;0;2464.79;2541462
5;10;40;16;0;45.45;1968919
2;13;21;11;0;906.76;361035
3;15;30;6;0;333.58;453363
2;14;42;10;0;906.75;1331760
7;22;29;7;0;6.11;430607
5;13;29;14;0;45.16;945443
4;20;25;5;0;122.71;263800
8;10;31;13;0;2.55;889135
4;24;41;9;0;122.71;1204127
3;25;31;6;0;333.57;502819
1;13;37;6;0;2464.81;831138
5;11;44;15;0;45.26;2093396
3;12;50;12;0;333.61;2300327
3;16;35;8;0;333.57;748055
8;25;30;8;0;2.25;498483
8;10;20;12;0;2.55;427799
6;19;44;14;0;16.61;1920467
9;22;37;7;0;0.83;850831
4;17;31;7;0;122.72;514699
3;14;27;13;0;333.58;728559
6;20;46;15;0;16.61;2291176
6;20;38;6;0;16.61;901415
5;16;46;5;0;45.14;1569448
9;14;41;11;0;0.83;1315919
5;25;44;13;0;45.14;1781723
1;24;42;6;0;2464.79;1210982
4;17;40;6;0;122.72;1046131
3;20;24;12;0;333.57;524583
8;19;37;10;0;2.25;958780
2;12;23;17;0;906.79;1399103
7;24;24;15;0;6.11;957096
5;21;25;16;0;45.14;1199011
2;18;39;14;0;906.75;1506183
5;24;39;16;0;45.14;1899735
9;16;44;13;0;0.83;1777295
1;20;49;6;0;2464.79;1905846
5;12;27;11;0;45.19;527487
5;20;32;11;0;45.14;739919
2;20;47;10;0;906.75;1809968
4;16;38;5;0;122.72;890024
2;25;40;14;0;906.75;1584691
2;17;29;8;0;906.75;452675
10;19;38;16;0;0.30;1826003
7;22;31;18;0;6.11;1994119
1;23;29;17;0;2464.79;1599274
8;10;33;17;0;2.55;1778895
5;22;41;15;0;45.14;1837544
4;25;39;18;0;122.71;2468259
8;22;38;9;0;2.25;978239
9;21;27;7;0;0.83;354795
4;21;43;15;0;122.71;2006404
2;22;20;17;0;906.75;1336511
3;12;24;15;0;333.61;951912
1;23;49;14;0;2464.79;2441922
3;25;29;8;0;333.57;456707
4;19;30;14;0;122.71;989523
7;20;33;12;0;6.11;878391
3;13;27;9;0;333.59;411435
8;22;20;13;0;2.25;545087
8;15;33;16;0;2.25;1521411
7;15;37;14;0;6.11;1366339
6;18;45;18;0;16.61;2973543
10;16;28;8;0;0.30;413287
6;12;25;13;0;16.65;663007
3;21;20;17;0;333.57;1335995
6;18;42;12;0;16.61;1487895
6;19;22;17;0;16.61;1377403
4;10;39;5;0;123.02;959304
8;14;27;14;0;2.25;870471
9;23;49;10;0;0.83;2032732
10;17;26;9;0;0.30;379163
1;15;50;6;0;2464.79;2021362
4;18;50;17;0;122.71;3206591
4;18;32;10;0;122.71;672176
8;21;50;8;0;2.25;2064275
8;12;47;9;0;2.29;1757375
3;13;46;10;0;333.59;1703404
6;23;35;13;0;16.61;1103627
8;18;42;7;0;2.25;1223871
7;22;41;17;0;6.11;2311247
2;25;42;16;0;906.75;2136627
8;13;50;6;0;2.26;2020691
1;10;34;16;0;2465.10;1573782
8;13;46;5;0;2.26;1568404
7;11;29;10;0;6.22;535676
1;14;37;8;0;2464.80;871782
6;15;23;16;0;16.61;1141091
5;16;37;10;0;45.14;957520
6;25;49;10;0;16.61;2033884
10;23;45;17;0;0.30;2667051
1;21;36;11;0;2464.79;962618
6;23;25;5;0;16.61;265348
5;21;29;12;0;45.14;694115
5;21;28;9;0;45.14;451003
10;16;39;11;0;0.30;1163007
7;13;48;11;0;6.12;1982331
3;18;43;15;0;333.57;2005000
6;11;36;10;0;16.72;891948
10;15;45;14;0;0.31;2013891
9;22;32;17;0;0.83;1732799
9;24;45;10;0;0.83;1608912
2;21;20;9;0;906.75;227771
6;25;47;10;0;16.61;1812668
5;19;29;11;0;45.14;605387
8;12;44;12;0;2.29;1663271
2;19;21;12;0;906.75;451107
8;25;31;15;0;2.25;1213156
9;21;26;9;0;0.83;380987
6;14;33;14;0;16.61;1130535
8;12;39;12;0;2.29;1249431
8;25;43;6;0;2.25;1298275
2;19;40;16;0;906.75;1972051
3;20;47;12;0;333.57;1964567
4;13;28;10;0;122.73;497260
3;10;34;8;0;333.88;689047
9;24;25;16;0;0.83;1200631
3;11;43;12;0;333.69;1572163
7;16;32;15;0;6.11;1256360
9;17;45;18;0;0.83;2973123
10;25;30;7;0;0.30;474075
3;10;40;9;0;333.88;1119679
7;15;22;12;0;6.11;471667
9;15;21;10;0;0.83;294876
5;20;30;5;0;45.14;445800
2;18;29;12;0;906.75;692711
9;24;23;7;0;0.83;236159
5;12;22;10;0;45.19;316096
3;24;28;12;0;333.57;656743
4;17;49;15;0;122.72;2614852
9;19;35;6;0;0.83;708995
3;24;50;12;0;333.57;2305511
7;16;31;5;0;6.11;488728
9;16;38;14;0;0.83;1434215
3;22;27;12;0;333.57;619335
2;23;46;10;0;906.75;1707724
9;11;22;18;0;0.94;1683475
1;19;28;14;0;2464.79;908754
7;22;34;16;0;6.11;1578391
9;15;29;6;0;0.83;411587
6;24;28;8;0;16.61;417127
10;16;32;8;0;0.30;586343
2;21;42;16;0;906.75;2134419
7;13;38;15;0;6.12;1608980
8;22;28;7;0;2.25;391615
10;17;27;11;0;0.30;529227
7;22;46;11;0;6.11;1774015
2;20;25;10;0;906.75;398800
4;25;38;15;0;122.71;1614452
7;17;48;9;0;6.11;1867419
5;10;36;18;0;45.45;2259351
9;13;31;8;0;0.84;537667
10;21;42;15;0;0.30;1919701
5;15;49;7;0;45.15;1919659
1;10;49;18;0;2465.10;3395238
2;13;29;9;0;906.76;486731
2;20;31;13;0;906.75;892735
2;15;23;10;0;906.75;341372
8;10;48;9;0;2.55;1865151
6;13;31;16;0;16.62;1422403
8;18;33;15;0;2.25;1307880
9;24;37;7;0;0.83;851935
8;23;21;15;0;2.25;883524
6;22;22;12;0;16.61;474775
3;19;24;11;0;333.57;436347
9;10;40;12;0;1.13;1323799
7;21;38;10;0;6.11;1027244
8;18;30;6;0;2.25;454551
5;17;35;17;0;45.14;1892171
6;19;46;5;0;16.61;1570708
3;18;38;14;0;333.57;1435031
3;21;44;14;0;333.57;1921427
9;18;27;13;0;0.83;730095
1;22;35;17;0;2464.79;1894510
1;25;33;10;0;2464.79;726492
2;17;37;8;0;906.75;872899
6;17;36;7;0;16.61;784539
5;16;31;13;0;45.14;891007
10;24;39;14;0;0.30;1509207
7;11;28;6;0;6.22;371347
10;12;38;7;0;0.35;914255
8;12;24;11;0;2.29;433743
9;17;30;5;0;0.83;444468
4;12;40;5;0;122.76;1034728
1;14;37;6;0;2464.80;831462
8;15;37;8;0;2.25;872131
6;16;36;10;0;16.61;893568
5;23;44;15;0;45.14;2098292
3;18;22;13;0;333.57;585535
6;17;20;15;0;16.61;860468
7;11;45;5;0;6.22;1468452
7;20;36;18;0;6.11;2262951
1;12;23;14;0;2464.83;749590
10;22;20;14;0;0.30;686999
7;19;38;7;0;6.11;916859
6;23;43;11;0;16.61;1489291
7;18;38;14;0;6.11;1435031
1;25;50;7;0;2464.79;2042074
8;12;23;13;0;2.29;607679
7;13;40;7;0;6.12;1060603
8;19;48;18;0;2.25;3285459
5;18;46;12;0;45.14;1859863
6;24;47;15;0;16.61;2397080
3;24;43;5;0;333.57;1288024
2;21;29;9;0;906.75;489995
4;13;27;11;0;122.73;527787
5;18;38;9;0;45.14;976319
6;23;24;5;0;16.61;236532
10;23;41;18;0;0.30;2620739
10;22;38;13;0;0.30;1295039
5;19;38;15;0;45.14;1611284
5;11;44;15;0;45.26;2093396
6;10;46;10;0;16.91;1702576
4;19;47;12;0;122.71;1964099
4;23;39;11;0;122.71;1166283
3;25;41;11;0;333.57;1321067
8;19;44;14;0;2.25;1920467
8;11;31;17;0;2.36;1680811
3;25;42;8;0;333.57;1251891
7;23;39;8;0;6.11;1014435
3;17;47;18;0;333.57;3176291
6;19;23;6;0;16.61;217667
4;21;39;10;0;122.71;1098396
7;22;37;13;0;6.11;1227535
8;10;48;13;0;2.55;2181951
3;13;39;14;0;333.59;1504323
1;25;31;8;0;2464.79;543138
7;10;25;7;0;6.41;285775
8;10;39;16;0;2.55;1894023
2;15;29;9;0;906.75;487403
8;24;31;16;0;2.25;1427287
9;12;23;12;0;0.87;494999
6;25;47;16;0;16.61;2612387
3;10;28;9;0;333.88;446911
7;11;49;6;0;6.22;1902499
3;21;21;9;0;333.57;247947
8;16;40;16;0;2.25;1970791
6;23;43;15;0;16.61;2007460
2;15;26;15;0;906.75;1012916
9;17;28;7;0;0.83;389275
4;21;46;8;0;122.71;1621651
10;14;28;7;0;0.31;388159
1;14;46;14;0;2464.80;2112918
8;17;27;7;0;2.25;352971
7;21;35;7;0;6.11;725867
4;19;33;15;0;122.71;1308324
7;24;43;7;0;6.11;1313599
7;23;34;6;0;6.11;653875
2;13;32;12;0;906.76;824915
1;18;20;11;0;2464.79;342718
9;14;33;6;0;0.83;596007
9;16;39;11;0;0.83;1163007
10;22;47;18;0;0.30;3178631
6;21;33;16;0;16.61;1524003
7;14;21;5;0;6.12;159528
10;24;49;8;0;0.30;1948279
10;15;25;8;0;0.31;311683
4;13;20;14;0;122.73;683219
5;14;25;14;0;45.15;805543
8;14;48;5;0;2.25;1780824
2;20;39;7;0;906.75;988479
5;16;29;9;0;45.14;487775
2;17;20;15;0;906.75;860468
8;16;43;7;0;2.25;1309759
5;19;47;16;0;45.14;2609219
3;19;20;15;0;333.57;861332
5;24;27;5;0;45.14;330840
6;19;37;7;0;16.61;849355
4;11;33;18;0;122.83;2088099
7;11;34;13;0;6.22;1041595
6;24;23;13;0;16.61;612863
2;16;33;17;0;906.75;1780767
6;20;25;15;0;16.61;983800
1;18;32;6;0;2464.79;546838
3;18;29;18;0;333.57;1905767
5;12;30;10;0;45.19;577728
2;20;34;5;0;906.75;642664
3;23;25;14;0;333.57;809539
5;17;40;17;0;45.14;2230171
1;18;40;7;0;2464.79;1062462
8;22;38;11;0;2.25;1094591
10;23;45;6;0;0.30;1483011
6;22;22;16;0;16.61;1119895
10;23;49;13;0;0.30;2300011
10;20;33;9;0;0.30;674271
4;19;21;9;0;122.71;246987
1;25;31;12;0;2464.79;782754
1;11;39;16;0;2464.90;1894274
3;24;27;17;0;333.57;1524543
10;10;42;15;0;0.61;1915609
8;16;41;17;0;2.25;2308511
6;15;50;12;0;16.61;2301299
6;15;20;9;0;16.61;225179
10;10;30;17;0;0.61;1635903
4;11;43;17;0;122.83;2476267
3;14;50;14;0;333.58;2555543
6;19;20;5;0;16.61;141332
3;24;38;8;0;333.57;943847
8;21;36;6;0;2.25;770451
8;12;20;6;0;2.29;148391
2;15;40;13;0;906.75;1437979
5;18;34;15;0;45.14;1361752
2;22;24;16;0;906.75;1170711
9;11;38;8;0;0.94;938387
4;18;40;15;0;122.71;1756888
3;10;44;6;0;333.88;1382807
1;23;22;13;0;2464.79;587994
5;14;47;16;0;45.15;2607239
10;24;27;18;0;0.30;1833495
2;12;45;12;0;906.79;1758327
5;23;47;17;0;45.14;2870219
9;22;30;8;0;0.83;496791
6;23;45;14;0;16.61;2017539
7;11;46;9;0;6.22;1653307
9;24;33;9;0;0.83;676383
3;13;24;13;0;333.59;634491
8;20;46;13;0;2.25;1973455
8;13;48;10;0;2.26;1915500
9;12;43;17;0;0.87;2476543
8;19;31;10;0;2.25;624988
7;13;43;18;0;6.12;2785795
1;21;24;6;0;2464.79;245138
4;25;27;15;0;122.71;1051428
3;24;21;7;0;333.57;189663
6;16;47;5;0;16.61;1673240
10;21;35;17;0;0.30;1893995
9;23;23;12;0;0.83;499619
10;24;29;18;0;0.30;1908791
8;10;41;5;0;2.55;1112936
8;21;38;16;0;2.25;1826963
2;19;30;10;0;906.75;580332
6;13;34;11;0;16.62;841723
8;12;38;9;0;2.29;974159
5;13;35;12;0;45.16;986627
2;10;22;8;0;907.05;230551
4;23;39;12;0;122.71;1254051
3;18;48;6;0;333.57;1792023
1;15;40;13;0;2464.79;1437978
1;24;41;12;0;2464.79;1408246
1;14;23;14;0;2464.80;750214
5;13;43;14;0;45.16;1827331
1;17;45;6;0;2464.79;1480130
5;21;20;17;0;45.14;1335995
5;17;36;17;0;45.14;1952667
5;25;43;13;0;45.14;1690891
8;18;27;5;0;2.25;327816
8;13;33;18;0;2.26;2088675
8;14;26;9;0;2.25;378047
1;16;47;13;0;2464.79;2075518
8;25;40;11;0;2.25;1242331
5;12;25;14;0;45.19;804919
3;25;47;14;0;333.57;2221859
4;20;25;16;0;122.71;1198519
9;11;23;17;0;0.94;1398827
1;10;30;11;0;2465.10;644030
8;24;38;13;0;2.25;1296143
2;10;46;8;0;907.05;1617559
9;18;30;8;0;0.83;494871
6;13;31;15;0;16.62;1207684
7;23;26;11;0;6.11;498395
7;23;35;10;0;6.11;836348
5;20;43;17;0;45.14;2479615
4;13;39;12;0;122.73;1249731
2;20;20;6;0;906.75;151463
1;18;43;14;0;2464.79;1829190
3;10;50;10;0;333.88;2145200
3;11;47;15;0;333.69;2391620
10;23;36;16;0;0.30;1696563
7;22;29;17;0;6.11;1598735
2;25;39;5;0;906.75;965604
6;20;37;14;0;16.61;1368439
9;17;46;6;0;0.83;1579507
2;20;21;5;0;906.75;161976
1;24;29;14;0;2464.79;950326
1;22;38;7;0;2464.79;918334
2;14;35;6;0;906.75;707015
1;22;23;13;0;2464.79;611758
10;12;23;16;0;0.35;1140119
4;16;40;15;0;122.72;1756072
4;20;32;7;0;122.71;563663
8;18;29;6;0;2.25;412775
7;23;47;11;0;6.11;1878347
8;24;40;17;0;2.25;2233615
4;10;42;17;0;123.02;2389311
7;25;29;10;0;6.11;541724
10;14;34;10;0;0.31;775217
2;19;47;7;0;906.75;1700075
8;15;33;18;0;2.25;2089347
8;24;21;7;0;2.25;189663
4;24;38;10;0;122.71;1028864
7;22;42;17;0;6.11;2393919
1;20;40;9;0;2464.79;1123278
9;21;43;11;0;0.83;1488235
9;16;43;16;0;0.83;2218903
3;20;44;6;0;333.57;1386407
2;12;40;12;0;906.79;1324327
8;14;26;6;0;2.25;302231
2;23;47;10;0;906.75;1811516
4;23;39;5;0;122.71;964452
9;18;31;16;0;0.83;1424263
4;19;30;10;0;122.71;580332
6;10;28;12;0;16.91;651031
2;24;21;5;0;906.75;164088
3;24;27;6;0;333.57;340503
1;15;48;15;0;2464.79;2501172
10;12;43;18;0;0.35;2785495
1;19;49;14;0;2464.79;2439906
1;25;41;17;0;2464.79;2312938
2;19;31;8;0;906.75;539971
2;15;28;12;0;906.75;652531
2;12;22;6;0;906.79;190759
6;19;23;17;0;16.61;1401707
8;22;45;17;0;2.25;2666511
7;21;39;5;0;6.11;963396
6;22;46;12;0;16.61;1861783
2;24;36;17;0;906.75;1956111
9;12;50;9;0;0.87;2096207
3;21;45;14;0;333.57;2016483
1;11;47;17;0;2464.90;2865322
3;18;23;5;0;333.57;207560
9;22;43;6;0;0.83;1296583
6;13;33;16;0;16.62;1520739
4;23;36;11;0;122.71;963675
8;22;46;9;0;2.25;1657663
5;25;43;10;0;45.14;1423612
8;17;45;9;0;2.25;1555947
4;21;34;11;0;122.71;844987
6;18;37;18;0;16.61;2325991
5;10;44;10;0;45.45;1508144
7;14;43;17;0;6.12;2477167
5;15;29;11;0;45.15;603755
8;10;28;10;0;2.55;496432
7;20;46;12;0;6.11;1860775
9;10;39;18;0;1.13;2461959
6;22;23;7;0;16.61;235055
1;21;39;9;0;2464.79;1048874
7;13;25;10;0;6.12;396028
8;18;23;13;0;2.25;609839
2;10;32;7;0;907.05;560063
3;19;32;17;0;333.57;1731323
9;11;36;17;0;0.94;1950651
8;24;32;10;0;2.25;675200
1;11;23;18;0;2464.90;1707778
10;24;34;7;0;0.30;670351
5;22;40;18;0;45.14;2541463
4;13;20;8;0;122.73;189011
7;10;25;17;0;6.41;1453903
2;12;31;7;0;906.79;512959
5;22;47;10;0;45.14;1810976
3;14;30;10;0;333.58;578352
3;10;47;11;0;333.88;1873199
2;15;40;17;0;906.75;2229403
10;16;40;5;0;0.30;1036073
6;14;30;10;0;16.61;578352
6;10;32;5;0;16.91;534488
10;11;28;5;0;0.42;361685
7;15;27;7;0;6.11;352203
8;10;45;8;0;2.55;1518183
4;25;43;7;0;122.71;1314187
1;12;34;18;0;2464.83;2142246
6;18;32;14;0;16.61;1081367
6;20;20;7;0;16.61;167375
1;20;39;14;0;2464.79;1507094
1;14;35;8;0;2464.80;747334
9;18;29;16;0;0.83;1337831
2;17;36;16;0;906.75;1693683
5;21;31;14;0;45.14;1035139
4;25;46;12;0;122.71;1863475
7;17;42;14;0;6.11;1742067
9;11;48;10;0;0.94;1914924
7;10;27;15;0;6.41;1045128
2;15;28;9;0;906.75;448411
2;22;23;5;0;906.75;209480
3;21;41;14;0;333.57;1661219
3;15;50;14;0;333.58;2555891
4;13;36;7;0;122.73;783099
4;12;50;17;0;122.76;3204431
6;23;20;7;0;16.61;168923
5;20;47;10;0;45.14;1809968
3;24;30;5;0;333.57;447912
4;17;25;10;0;122.72;397468
4;11;26;11;0;122.83;493499
6;24;32;13;0;16.61;942479
5;12;31;18;0;45.19;1990039
3;15;36;15;0;333.58;1478196
3;16;30;11;0;333.57;645903
2;22;40;8;0;906.75;1088791
2;15;28;17;0;906.75;1556635
1;15;47;17;0;2464.79;2866570
9;22;50;11;0;0.83;2216639
3;14;22;9;0;333.58;267199
5;12;29;17;0;45.19;1594655
6;19;21;5;0;16.61;161508
9;18;37;8;0;0.83;873319
9;13;41;5;0;0.84;1113764
7;23;27;10;0;6.11;465276
1;16;40;12;0;2464.79;1325670
1;22;37;11;0;2464.79;1027086
9;11;22;16;0;0.94;1115539
2;17;49;5;0;906.75;1894852
8;20;45;11;0;2.25;1673631
9;13;36;5;0;0.84;757524
7;25;44;12;0;6.11;1669043
2;16;23;7;0;906.75;232319
7;17;47;17;0;6.11;2867339
4;24;26;12;0;122.71;586727
1;25;39;14;0;2464.79;1509794
1;12;46;7;0;2464.83;1593678
2;24;41;7;0;906.75;1144223
5;22;41;9;0;45.14;1203023
6;14;38;5;0;16.61;889304
4;25;31;16;0;122.71;1427875
8;17;29;5;0;2.25;402692
5;15;26;8;0;45.15;342899
10;10;39;13;0;0.61;1361583
10;12;27;13;0;0.35;727935
8;18;40;10;0;2.25;1171888
4;12;33;11;0;122.76;787551
2;25;28;16;0;906.75;1302451
3;19;45;16;0;333.57;2406051
5;19;36;6;0;45.14;769491
10;25;49;10;0;0.30;2033885
2;12;34;15;0;906.79;1359592
2;17;43;10;0;906.75;1419580
7;15;35;7;0;6.11;723275
5;22;49;18;0;45.14;3399847
10;16;21;17;0;0.30;1353951
5;13;20;6;0;45.16;148691
8;25;22;13;0;2.25;589147
1;16;25;6;0;2464.79;271734
2;10;32;7;0;907.05;560063
10;24;43;6;0;0.30;1297687
2;18;50;8;0;906.75;2062871
2;14;37;9;0;906.75;907279
5;24;22;18;0;45.14;1688935
9;18;38;18;0;0.83;2393495
3;21;29;14;0;333.57;948707
8;23;30;8;0;2.25;497331
6;21;33;12;0;16.61;878883
4;25;43;14;0;122.71;1832803
3;16;45;12;0;333.57;1759671
6;22;27;10;0;16.61;464736
4;11;47;5;0;122.83;1671620
10;12;47;15;0;0.35;2391897
3;25;43;13;0;333.57;1690891
5;11;48;13;0;45.26;2182203
4;20;42;11;0;122.71;1401039
4;15;30;13;0;122.72;845979
1;14;43;12;0;2464.80;1573062
10;13;24;9;0;0.32;317691
1;17;50;16;0;2464.79;2947186
9;18;33;18;0;0.83;2090535
9;22;29;5;0;0.83;405032
4;21;28;11;0;122.71;567355
10;25;22;7;0;0.30;212443
10;22;44;18;0;0.30;2880407
8;25;27;17;0;2.25;1525131
10;25;25;15;0;0.30;986501
10;25;32;10;0;0.30;675789
1;10;32;14;0;2465.10;1078678
3;18;34;14;0;333.57;1185943
10;12;42;5;0;0.35;1196137
10;12;31;10;0;0.35;622385
3;17;43;8;0;333.57;1334563
9;11;48;6;0;0.94;1789587
1;24;28;18;0;2464.79;1869798
6;22;47;6;0;16.61;1685639
10;18;37;9;0;0.30;908815
9;13;48;15;0;0.84;2500500
8;16;31;18;0;2.25;1991383
4;10;43;16;0;123.02;2217031
1;18;28;10;0;2464.79;499120
3;11;30;13;0;333.69;844731
2;21;42;7;0;906.75;1225275
4;22;48;5;0;122.71;1784280
